<?xml version="1.0" encoding="UTF-8"?>
<project-private xmlns="http://www.netbeans.org/ns/project-private/1">
    <editor-bookmarks xmlns="http://www.netbeans.org/ns/editor-bookmarks/2" lastBookmarkId="0"/>
    <open-files xmlns="http://www.netbeans.org/ns/projectui-open-files/2">
        <group>
            <file>file:/Users/sree/NetBeansProjects/AirlineReservation/src/airlinereservation/AirlineReservation.java</file>
            <file>file:/Users/sree/NetBeansProjects/AirlineReservation/src/airlinereservation/departureDate.java</file>
            <file>file:/Users/sree/NetBeansProjects/AirlineReservation/src/airlinereservation/departdate.java</file>
            <file>file:/Users/sree/NetBeansProjects/AirlineReservation/src/airlinereservation/itenary.java</file>
            <file>file:/Users/sree/NetBeansProjects/AirlineReservation/src/airlinereservation/DBConnection.java</file>
            <file>file:/Users/sree/NetBeansProjects/AirlineReservation/src/airlinereservation/fares.java</file>
            <file>file:/Users/sree/NetBeansProjects/AirlineReservation/src/airlinereservation/flight.java</file>
        </group>
    </open-files>
</project-private>
